ln,lt,nzgrid,npol,nstep,nhermite,nlaguerre,dt,growth_rate,frequency,ky,nu_hyper
0.5,0.5,50.0,2.0,9000.0,26.0,10.0,0.01,2.0099751949310303,-1.361780047416687,3.3333334922790527,1.0
0.5,3.25,50.0,2.0,9000.0,26.0,10.0,0.01,0.4413147568702698,1.1311041116714478,5.0,1.0
0.5,6.0,50.0,2.0,9000.0,26.0,10.0,0.01,0.565596342086792,1.718726396560669,3.3333334922790527,1.0
3.25,0.5,50.0,2.0,9000.0,26.0,10.0,0.01,0.1841060072183609,0.5894755721092224,6.0,1.0
3.25,3.25,50.0,2.0,9000.0,26.0,10.0,0.01,0.2131110280752182,0.28913822770118713,3.3333334922790527,1.0
3.25,6.0,50.0,2.0,9000.0,26.0,10.0,0.01,0.6743674278259277,0.8689800500869751,3.0,1.0
6.0,0.5,50.0,2.0,9000.0,26.0,10.0,0.01,0.48869428038597107,-0.4816027283668518,4.6666669845581055,1.0
6.0,3.25,50.0,2.0,9000.0,26.0,10.0,0.01,0.37753814458847046,0.5978453159332275,5.0,1.0
6.0,6.0,50.0,2.0,9000.0,26.0,10.0,0.01,0.4242585599422455,0.12905392050743103,3.6666667461395264,1.0
