ln,lt,nzgrid,npol,nstep,nhermite,nlaguerre,dt,growth_rate,frequency,ky,nu_hyper
0.5,0.5,75.0,3.0,12000.0,18.0,10.0,0.012,0.4385380744934082,0.21382367610931396,3.799999952316284,1.0
0.5,3.25,75.0,3.0,12000.0,18.0,10.0,0.012,0.32656824588775635,0.559389591217041,1.0,1.0
0.5,6.0,75.0,3.0,12000.0,18.0,10.0,0.012,0.5788044333457947,1.7150142192840576,3.200000047683716,1.0
3.25,0.5,75.0,3.0,12000.0,18.0,10.0,0.012,0.09020594507455826,-0.021525055170059204,3.799999952316284,1.0
3.25,3.25,75.0,3.0,12000.0,18.0,10.0,0.012,0.2195134311914444,0.30883896350860596,3.4000000953674316,1.0
3.25,6.0,75.0,3.0,12000.0,18.0,10.0,0.012,0.6678427457809448,0.8659452199935913,3.0,1.0
6.0,0.5,75.0,3.0,12000.0,18.0,10.0,0.012,0.25356000661849976,-0.7021058797836304,0.800000011920929,1.0
6.0,3.25,75.0,3.0,12000.0,18.0,10.0,0.012,0.16571585834026337,-1.0508525371551514,0.20000000298023224,1.0
6.0,6.0,75.0,3.0,12000.0,18.0,10.0,0.012,0.4274292290210724,0.13475355505943298,3.6000001430511475,1.0
