index,Nfeval,J,Jf,Lengths,J_CC,J_LENGTH_PENALTY,J_CURVATURE,J_MSC,J_ALS,curvatures,msc,B.n,gradJcoils,C-C-Sep
0,1,8.204969882670404e-08,7.147156177348476e-08,10.877548719057545,0.0,0.0,0.0,1.5084524369210377e-14,1.0578121968694906e-08,14.175798648102045,15.488174744006049,0.0007628154034971115,4.676464175940558e-06,0.15055774668100036
1,2,23.98915942157825,0.1608603319537452,33.06674252826115,0.004891605188070845,23.81986891540801,0.0033286649868402973,0.00020980389789800678,1.0014368641161148e-07,23.144427705314023,12.321988869263318,5.095174757334305,61.71298149530697,0.03818992096549707
2,3,8.204959439315218e-08,7.147147163675211e-08,10.87754839759887,0.0,0.0,0.0,0.0,1.0578122756400061e-08,14.17575274280736,15.48809343615094,0.0007628214523592215,1.554662284472966e-06,0.15055778071400844
