index,Nfeval,J,Jf,Lengths,J_CC,J_LENGTH_PENALTY,J_CURVATURE,J_MSC,J_ALS,curvatures,msc,B.n,gradJcoils,C-C-Sep
0,1,3.3669482958425175e-07,3.2647025512162113e-07,10.799984625093074,1.6422293895314826e-11,0.0,1.889517285139687e-13,7.297183916037063e-13,1.0207233498615197e-08,13.478887933880834,14.121492737523532,0.0017208274493887268,4.529939300652533e-06,0.14991025363630503
1,2,10.113702154038474,0.17780592674768386,28.56672242072785,0.006519486689693246,9.378462905531041,0.16817937171311556,0.38273437486738593,8.848955391492919e-08,106.50635969312138,44.875957432629626,4.364142257531922,48.43654375661263,0.028077669204812496
2,3,3.366939033627685e-07,3.26469457944302e-07,10.799985003681531,1.6442521942205432e-11,0.0,3.046623311652687e-14,7.381465787935918e-13,1.0207234283712298e-08,13.478793716311683,14.121469499248663,0.001720832680896399,3.851662584415783e-06,0.14991035815651987
