index,Nfeval,J,Jf,J_length,Lengths,J_CC,J_LENGTH_PENALTY,J_CURVATURE,J_MSC,J_ALS,curvatures,msc,B.n,gradJcoils,C-C-Sep
0,1,0.0008858121101281991,0.000885310767289591,2.1197061997176748e-07,21.197061997176746,2.666001197826234e-07,4.401934020049606e-09,1.837016483372027e-08,0.3395325185526092,1.0254418308094065e-08,16.004986956056765,30.88192831033693,0.022048122947854493,0.0288194108493826,0.147512891565963
1,2,8.57805256285683,0.18747185014545326,3.042969145129923e-07,30.429691451299227,0.01829929069174584,1.8286240978656931,6.543657019857022,30.30819032530064,5.592370199448059e-08,76.50855978180655,61.10386788229978,0.3681434323983514,141.93500920523473,0.02402195506845123
2,3,0.0009115098013650345,0.0008576296311429034,2.1196941154172508e-07,21.196941154172507,2.686671496680139e-07,3.5987528701438103e-09,5.339593490805115e-05,0.35602171572219876,1.0248224119990005e-08,16.253514810363093,30.972537411094116,0.021803819735726482,0.3412760639904379,0.1474496146071479
3,4,0.000879984582938249,0.0008758918158748197,2.1197017958360448e-07,21.197017958360448,2.6351258858418653e-07,2.7418768808073314e-09,3.6145424183805514e-06,0.34429388857941773,1.0252586084294761e-08,16.073279307572903,30.90830750378938,0.021965229554022258,0.07750903493513758,0.1474938464701727
4,5,0.0008714536291574686,0.0008669343239276935,2.1196629038311793e-07,21.19662903831179,2.6126806423459004e-07,2.1897755572365123e-09,4.04388109960032e-06,0.34348749797204214,1.0250060820993302e-08,16.069844112310236,30.903094986345668,0.021889940343836723,0.07628703978186249,0.147488282548666
5,6,0.0008484521507655447,0.0008387208675790389,2.1194171916111373e-07,21.194171916111372,3.662020127527964e-07,1.9244868395871938e-08,9.13389458619594e-06,0.3410820552992692,1.023507760182283e-08,16.087788809991952,30.856076244593854,0.021662611098957455,0.08383029003824244,0.14753268401204214
6,7,0.0008417316008058527,0.0008387444020953163,2.119248261922476e-07,21.19248261922476,4.748994865380868e-07,2.6842288193759722e-08,2.273532109612253e-06,0.3328712286535684,1.0231287654688176e-08,16.072488199566354,30.802095542721112,0.021680848854792014,0.051138226336638094,0.1474034874992558
7,8,0.0008387528023668909,0.000837784498874414,2.1192702049024984e-07,21.192702049024984,4.345215484496201e-07,1.8956966379695914e-08,3.0289795715745045e-07,0.3305005366143432,1.023201206212417e-08,16.018849994118018,30.79259571901308,0.02166540977380228,0.016295066024415685,0.14742827118701754
