ln,lt,growth_rate,omega,ky,weighted_growth_rate
1.0,3.0,0.2231386748975826,0.24806621482854918,1.559521476279348,0.17979521281467623
