ln,lt,nzgrid,npol,nstep,nhermite,nlaguerre,dt,growth_rate,frequency,ky,nu_hyper,D_hyper,nx,ny,y0,qflux
1.0,3.0,121.0,4.0,70000.0,14.0,6.0,0.2,110.4282455444336,-83.92515563964844,1.0,0.5,0.05,80.0,120.0,12.0,35.426700592041016
