index,Nfeval,J,Jf,Lengths,J_CC,J_LENGTH_PENALTY,J_CURVATURE,J_MSC,J_ALS,curvatures,msc,B.n,gradJcoils,C-C-Sep
0,1,4.3470472948320905e-08,3.952022849421529e-08,10.656806445331345,0.0,0.0,0.0,0.0,3.950244454105614e-09,10.822638968581993,7.222095989011518,0.0008410405576141352,1.3496053840820318e-06,0.2885085677616115
1,2,8.784217308152428,0.18989459118674373,23.240972628833596,0.0008479703504932047,7.756516275990468,0.2126192378174667,0.6243391531306889,7.967656527815005e-08,157.95334306713002,47.19398136400389,4.461977825621348,150.96551322671516,0.06723828714639728
2,3,0.11218059763441389,0.005624127413178382,10.827648181015949,0.0,8.739564915466259e-05,0.006924798276103811,0.09954427290720536,3.388771676753122e-09,39.20099837417285,25.96721287411285,0.2893048130241651,21.662247349677173,0.29605282395986354
3,4,5.391520078836356e-05,5.3911293101144144e-05,10.662048636973042,0.0,0.0,0.0,0.0,3.907687219411537e-09,11.019987966694337,7.571659322429545,0.027712902973013417,0.047218741809948055,0.28993808334533194
4,5,4.34702255372273e-08,3.9519983749591525e-08,10.656806687637644,0.0,0.0,0.0,0.0,3.950241787635774e-09,10.822645545512698,7.222098107267483,0.0008410049444129434,2.863751699758743e-06,0.2885088912591231
