x(0),x(1),x(2),x(3),x(4),x(5),x(6),x(7),x(8),x(9),x(10),x(11),x(12),x(13),x(14),x(15),x(16),x(17),x(18),x(19),x(20),x(21),x(22),x(23),mean_iota,aspect,heat_flux
0.1083358791201828,0.0,0.0,-0.09897835886147485,0.162705392133326,0.003065918634228732,0.0,0.0,0.0,0.0,0.0,0.0,0.1042593570851197,0.0,0.0,0.102823740128216,0.1855975626524776,0.003104209102318051,0.0,0.0,0.0,0.0,0.0,0.0,-1.0714193066109694,7.054968603286797,0.01425620109769939
0.1083358791201828,0.0,0.0,-0.09897835886147485,0.162705392133326,0.003065918634228732,0.0,0.0,0.0,0.0,0.0,0.0,0.1042593570851197,0.0,0.0,0.102823740128216,0.1855975626524776,0.003104209102318051,0.0,0.0,0.0,0.0,0.0,0.0,-1.0714193066109694,7.054968603286797,0.01425620109769939
-0.13466537618569419,0.0,0.0,-0.09897835886147485,0.162705392133326,0.003065918634228732,0.0,0.0,0.0,0.0,0.0,0.0,0.1042593570851197,0.0,0.0,0.102823740128216,0.1855975626524776,0.003104209102318051,0.0,0.0,0.0,0.0,0.0,0.0,-0.7915890401351824,7.079230645811423,1.9127755350886917
-0.13466537618569419,-0.13252992457739765,0.0,-0.09897835886147485,0.162705392133326,0.003065918634228732,0.0,0.0,0.0,0.0,0.0,0.0,0.1042593570851197,0.0,0.0,0.102823740128216,0.1855975626524776,0.003104209102318051,0.0,0.0,0.0,0.0,0.0,0.0,-0.8551758804984739,7.079043646992716,1e+18
-0.13466537618569419,0.0,0.0,-0.1067988129333628,0.162705392133326,0.003065918634228732,0.0,0.0,0.0,0.0,0.0,0.0,0.1042593570851197,0.0,0.0,0.102823740128216,0.1855975626524776,0.003104209102318051,0.0,0.0,0.0,0.0,0.0,0.0,-0.8555180024320116,7.2629953495165305,6.20555291559945
-0.13466537618569419,0.0,0.0,-0.09897835886147485,0.162705392133326,0.003065918634228732,0.0,-0.018211179639564534,0.0,0.0,0.0,0.0,0.1042593570851197,0.0,0.0,0.102823740128216,0.1855975626524776,0.003104209102318051,0.0,0.0,0.0,0.0,0.0,0.0,-0.8681313271719383,7.111921255684769,45.01930318474834
-0.13466537618569419,0.0,0.0,-0.09897835886147485,0.162705392133326,0.003065918634228732,0.0,0.0,0.0,0.0,0.0,0.0,-0.12065394640183058,0.0,0.0,0.102823740128216,0.1855975626524776,0.003104209102318051,0.0,0.0,0.0,0.0,0.0,0.0,-1.1045350660521913,7.079230645811423,21014.915918727074
