index,Nfeval,J,Jf,Lengths,J_CC,J_LENGTH_PENALTY,J_CURVATURE,J_MSC,J_ALS,curvatures,msc,B.n,gradJcoils,C-C-Sep
0,1,1.1653028379240077e-07,1.0634816076216823e-07,10.798788488572853,0.0,0.0,0.0,0.0,1.0182123030232539e-08,13.311051740299302,14.453555435285718,0.0009466997170537903,2.441566004505575e-06,0.16368091073738994
1,2,24.455080508229496,0.17986299398935163,34.71143314475475,0.0037888000148543106,24.2480020711659,0.01007193005545342,0.013354629634602913,8.336933640846202e-08,30.82744193404011,15.792204615010643,4.8936351452516975,60.29767227328911,0.05540675948944742
2,3,1.1653087687813039e-07,1.0634802616167947e-07,10.79878872898281,0.0,0.0,0.0,7.277030729973727e-13,1.0182123013377919e-08,13.31110096496188,14.4535955938522,0.0009466925273118945,3.0226434542083135e-05,0.1636809041585113
3,4,1.165302724509048e-07,1.063481475837215e-07,10.798788511993418,0.0,0.0,0.0,1.8385926056519487e-15,1.0182123028590683e-08,13.311056535738025,14.453559347501034,0.0009466990166335219,1.3438817564647221e-06,0.16368091009647923
