index,Nfeval,J,Jf,Lengths,J_CC,J_LENGTH_PENALTY,J_CURVATURE,J_MSC,J_ALS,curvatures,msc,B.n,gradJcoils,C-C-Sep
0,1,8.853380153328139e-08,8.522514619145737e-08,10.58584117843591,0.0,5.477715568771664e-14,4.041053371619096e-15,0.0,3.3085965236149556e-09,10.925951078503031,10.763621496290995,0.001258795942758486,5.441254373706501e-06,0.2758227287563653
1,2,4.8571793353269515,0.14653800825073635,19.960151130464993,0.0010481573871061313,4.3938853350277345,0.07601704148445182,0.23969070771198706,8.546493515603353e-08,66.25712589888056,32.752119372387114,1.649215056552559,27.93924469604627,0.036478821563158195
2,3,8.853442647259679e-08,8.522559739343723e-08,10.585841356749395,0.0,7.503069120752116e-14,1.5744419184626165e-13,0.0,3.3085966042764986e-09,10.926082925436411,10.763689721083045,0.0012589295830189322,1.0281067742366968e-05,0.27582044451810067
3,4,8.853316758965888e-08,8.52244674782957e-08,10.585841252446357,0.0,6.279757299392793e-14,4.0756686508779e-14,0.0,3.3085965571036634e-09,10.926005805279038,10.763649814464936,0.0012588490355352063,2.84284353956555e-06,0.27582178062022356
