ln,lt,nzgrid,npol,nstep,nhermite,nlaguerre,dt,growth_rate,frequency,ky,nu_hyper
0.5,0.5,50.0,2.0,9000.0,26.0,10.0,0.01,0.32972511649131775,0.17339156568050385,3.6666667461395264,1.0
0.5,3.25,50.0,2.0,9000.0,26.0,10.0,0.01,0.34612059593200684,0.5891999006271362,1.0,1.0
0.5,6.0,50.0,2.0,9000.0,26.0,10.0,0.01,0.6324893832206726,2.0222651958465576,3.0,1.0
3.25,0.5,50.0,2.0,9000.0,26.0,10.0,0.01,0.1635308861732483,0.06988214701414108,1.3333333730697632,1.0
3.25,3.25,50.0,2.0,9000.0,26.0,10.0,0.01,0.19013899564743042,0.19359561800956726,2.3333334922790527,1.0
3.25,6.0,50.0,2.0,9000.0,26.0,10.0,0.01,0.7137189507484436,1.1267199516296387,3.3333334922790527,1.0
6.0,0.5,50.0,2.0,9000.0,26.0,10.0,0.01,0.7816236615180969,-0.11235430091619492,1.0,1.0
6.0,3.25,50.0,2.0,9000.0,26.0,10.0,0.01,0.15039095282554626,-0.007347706705331802,1.0,1.0
6.0,6.0,50.0,2.0,9000.0,26.0,10.0,0.01,0.48451921343803406,0.30956530570983887,3.6666667461395264,1.0
