ln,lt,nzgrid,npol,nstep,nhermite,nlaguerre,dt,growth_rate,frequency,ky,nu_hyper
0.5,0.5,40.0,3.0,10000.0,22.0,8.0,0.015,0.11804903298616409,0.19721770286560059,2.799999952316284,1.5
0.5,6.0,40.0,3.0,10000.0,22.0,8.0,0.015,0.635183572769165,2.0218520164489746,3.0,1.5
6.0,0.5,40.0,3.0,10000.0,22.0,8.0,0.015,0.9163107872009277,-2.655904531478882,3.200000047683716,1.5
6.0,6.0,40.0,3.0,10000.0,22.0,8.0,0.015,0.45448777079582214,0.29462432861328125,3.6000001430511475,1.5
