x(0),x(1),x(2),x(3),x(4),x(5),x(6),x(7),mean_iota,aspect,growth_rate,omega,ky,quasisymmetry_total
0.1083358791201828,-0.09897835886147485,0.162705392133326,0.003065918634228732,0.1042593570851197,0.102823740128216,0.1855975626524776,0.003104209102318051,-1.069371712290816,7.054968603286797,0.23609218001365662,0.3621024191379547,1.0,0.23367240927055424
0.1083358791201828,-0.09897835886147485,0.162705392133326,0.003065918634228732,0.1042593570851197,0.102823740128216,0.1855975626524776,0.003104209102318051,-1.069371712290816,7.054968603286797,0.23609218001365662,0.3621024191379547,1.0,0.23367240927055424
0.1083358791201828,-0.09897835886147485,0.162705392133326,0.003065918634228732,0.1042593570851197,0.102823740128216,0.1855975626524776,0.003104209102318051,-1.069371712290816,7.054968603286797,0.23609218001365662,0.3621024191379547,1.0,0.23367240927055424
0.1083358791201828,-0.09897835886147485,0.162705392133326,0.003065918634228732,0.1042593570851197,0.102823740128216,0.1855975626524776,0.003104209102318051,-1.069371712290816,7.054968603286797,0.23609218001365662,0.3621024191379547,1.0,0.23367240927055424
0.10834671270809482,-0.09897835886147485,0.162705392133326,0.003065918634228732,0.1042593570851197,0.102823740128216,0.1855975626524776,0.003104209102318051,-1.0693810740826422,7.054967521625879,0.23610013723373413,0.36210793256759644,1.0,0.2336732361478403
