ln,lt,nzgrid,npol,nstep,nhermite,nlaguerre,dt,growth_rate,frequency,ky,nu_hyper,D_hyper,nx,ny,y0,qflux
1.0,3.0,121.0,4.0,70000.0,14.0,6.0,0.2,63.22605895996094,16.636348724365234,1.1666667461395264,0.5,0.05,80.0,120.0,12.0,29.882160186767578
