ln,lt,growth_rate,omega,ky,weighted_growth_rate
1.0,3.0,0.18728592545927988,0.21917542983029126,1.232322000505233,0.23279995666577505
