x(0),x(1),x(2),x(3),x(4),x(5),x(6),x(7),mean_iota,aspect,loss_fraction,eff_time,mirror_ratio
0.0,-0.1161700347228537,0.1675416036603739,0.0128561361615116,0.0,0.06202491211906338,0.1342910783180185,-0.007578190687144301,-0.7364592538466658,8.11201035021831,0.45809523809523806,0.8815511720582484,0.32279628914305564
0.0,-0.1161700347228537,0.1675416036603739,0.0128561361615116,0.0,0.06202491211906338,0.1342910783180185,-0.007578190687144301,-0.7364592538466658,8.11201035021831,0.4785714285714286,0.886359853570954,0.32279628914305564
-0.10815439629584489,-0.03728119142419928,0.15000725950585547,0.0765110760198695,0.07853365479127206,-0.034893978974196216,-0.08176334499418658,-0.007201635350156721,0.1636348186887215,8.90216712646167,0.9252380952380953,0.8406424609346727,0.6833108673045607
