ln,lt,nzgrid,npol,nstep,nhermite,nlaguerre,dt,growth_rate,frequency,ky,nu_hyper,D_hyper,nx,ny,y0,qflux
1.0,3.0,121.0,4.0,320000.0,10.0,6.0,0.2,17.559253692626953,-5.955163955688477,1.7333334684371948,0.5,0.05,120.0,80.0,15.0,38.70789337158203
